start,end,today,deviceid,device_gps,_device_gps_latitude,_device_gps_longitude,_device_gps_altitude,_device_gps_precision,calibration_group/calibration_done_today,calibration_group/calibration_reference_kg,calibration_group/calibration_reading_kg,calibration_group/calibration_error_pct,calibration_group/photo_calibration,batch_id_group/batch_id,batch_id_group/batch_seq,batch_id_group/kiln_id,batch_id_group/operator_id,batch_id_group/operator_name,batch_id_group/recorder_name,batch_id_group/operator_first_time,batch_id_group/kiln_recently_modified,feedstock_group/feedstock_type,feedstock_group/feedstock_tracking_id,feedstock_group/feedstock_source_gps,feedstock_group/_feedstock_source_gps_latitude,feedstock_group/_feedstock_source_gps_longitude,feedstock_group/_feedstock_source_gps_altitude,feedstock_group/_feedstock_source_gps_precision,feedstock_group/feedstock_source_desc,feedstock_group/feedstock_harvest_date,feedstock_group/drying_days_calc,feedstock_group/photo_feedstock_pile,feedstock_group/feedstock_appearance,feedstock_group/feedstock_piece_size,feedstock_group/moisture_meter_used,feedstock_group/moisture_pct,feedstock_group/photo_moisture_meter,feedstock_group/feedstock_volume_m3,feedstock_group/feedstock_weight_kg,feedstock_group/photo_feedstock_weighing,production_group/production_date,production_group/production_gps,production_group/_production_gps_latitude,production_group/_production_gps_longitude,production_group/_production_gps_altitude,production_group/_production_gps_precision,production_group/ambient_temp_c,production_group/ignition_time,production_group/last_feed_time,production_group/quench_time,production_group/quench_method,production_group/quench_water_litres,production_group/num_feed_cycles,production_group/weather_conditions,production_group/season,production_group/wind_shield_used,production_group/photo_active_pyrolysis,production_group/temp_sensor_installed,production_group/temp_group/temp_sensor_id,production_group/temp_group/temp_sensor_position,production_group/temp_group/temp_peak_c,production_group/temp_group/temp_avg_c,production_group/temp_group/temp_duration_above_500,production_group/temp_group/photo_temp_reading,production_group/temp_group/temp_notes,output_group/photo_biochar_output,output_group/biochar_visual_quality,output_group/weighed_with_container,output_group/biochar_tare_kg,output_group/biochar_gross_kg,output_group/biochar_wet_weight_kg,output_group/biochar_wet_weight_direct_kg,output_group/photo_biochar_weighing,output_group/biochar_volume_l,output_group/uncharred_separated,output_group/uncharred_weight_kg,sample_group/sample_collected,sample_group/sample_id_auto,sample_group/duplicate_sample,sample_group/photo_sample_bag,sample_group/sample_location,sample_group/sample_handover_status,sample_group/sample_custodian_after_handover,sample_group/sample_handover_date,sample_group/sample_notes,safety_group/smoke_observation,safety_group/safety_incidents,safety_group/safety_details,safety_group/operational_issues,safety_group/batch_notes,storage_group/storage_destination,storage_group/destination_site_name,storage_group/transfer_planned_date,storage_group/interim_storage_notes,calc_group/pyrolysis_duration_min,calc_group/feeding_duration_min,calc_group/feedstock_dry_weight_kg,calc_group/yield_ratio_pct,calc_group/yield_dry_basis_pct,calc_group/bulk_density_kg_per_l,calc_group/deviation_flag,meta/instanceID,meta/instanceName,_id,_uuid,_submission_time,_date_modified,_tags,_notes,_version,_duration,_submitted_by,_last_edited_by,_total_media,_media_count,_media_all_received,_xform_id
2026-05-08T08:16:25.010+03:00,2026-05-08T08:57:31.053+03:00,2026-05-08,collect:vwdolPUFhNHb85Qy,9.2593458 40.1625889 737.0 3.511,9.2593458,40.1625889,737.0,3.511,no,n/a,n/a,n/a,n/a,SW-AFR-20260508-6,6,kiln_01,op_unassigned,op_unassigned,Anteneh Tadele,yes,no,prosopis,CP1-AFR-20260410-A,9.2593501 40.1625976 738.0 3.292,9.2593501,40.1625976,738.0,3.292,National site Sedhafage Kebele of Amibara Woreda ,2026-04-22,16,https://api.ona.io/api/v1/files/48084287?filename=joonam/attachments/882350_biochar_batch_v5/1778217672159.jpg,dry,lt5cm,no,n/a,n/a,0.8,260.0,https://api.ona.io/api/v1/files/48084289?filename=joonam/attachments/882350_biochar_batch_v5/1778218817744.jpg,2026-05-07,9.2597305 40.1627448 738.0 3.947,9.2597305,40.1627448,738.0,3.947,n/a,2026-05-07T07:14:00.000+03:00,2026-05-07T10:05:00.000+03:00,2026-05-07T10:29:00.000+03:00,water,100.0,10,clear_calm,dry_main,no,https://api.ona.io/api/v1/files/48084288?filename=joonam/attachments/882350_biochar_batch_v5/1778219246092.jpg,no,n/a,n/a,n/a,n/a,n/a,n/a,n/a,https://api.ona.io/api/v1/files/48084290?filename=joonam/attachments/882350_biochar_batch_v5/1778219270180.jpg,excellent,no,n/a,n/a,140,140.0,https://api.ona.io/api/v1/files/48084291?filename=joonam/attachments/882350_biochar_batch_v5/1778219633227.jpg,n/a,yes_removed,1.0,no_emergency,SMP-SW-AFR-20260508-6,yes,n/a,n/a,n/a,n/a,n/a,n/a,minimal,none,n/a,No,Well operated,farm_staging,National site ,2026-05-31,n/a,195,171,n/a,53.8,n/a,n/a,YES — mandatory lab analysis,uuid:6517a552-4ab5-421a-9c28-2b9ede4740b4,SW-AFR-20260508-6 \| kiln_01 \| op_unassigned,177734753,6517a552-4ab5-421a-9c28-2b9ede4740b4,2026-05-09T12:35:33.060362+00:00,2026-05-09T12:35:34.235157+00:00,,,2026050102,2466.0,,n/a,5,5,True,882350
2026-05-08T08:57:43.955+03:00,2026-05-22T09:05:28.186+03:00,2026-05-08,collect:vwdolPUFhNHb85Qy,9.259456 40.1623953 736.0 3.225,9.259456,40.1623953,736.0,3.225,no,n/a,n/a,n/a,n/a,SW-AFR-20260508-7,7,kiln_01,op_unassigned,op_unassigned,Sintayehu Tadesse ,no,no,prosopis,CP1-AFR-,9.2593076 40.1623697 736.0 4.168,9.2593076,40.1623697,736.0,4.168,Sedhafage Kebele of Amibara Woreda - National site,2026-04-22,16,https://api.ona.io/api/v1/files/48179358?filename=joonam/attachments/882350_biochar_batch_v5/1778220364995.jpg,dry,lt5cm,no,n/a,n/a,270.0,320.0,https://api.ona.io/api/v1/files/48179359?filename=joonam/attachments/882350_biochar_batch_v5/1779428407337.jpg,2026-05-08,9.2594678 40.1620763 741.0 4.8,9.2594678,40.1620763,741.0,4.8,n/a,2026-05-08T04:50:00.000+03:00,2026-05-08T07:30:00.000+03:00,2026-05-08T07:46:00.000+03:00,water,105.0,12,clear_calm,dry_main,no,https://api.ona.io/api/v1/files/48179360?filename=joonam/attachments/882350_biochar_batch_v5/1779428656312.jpg,no,n/a,n/a,n/a,n/a,n/a,n/a,n/a,https://api.ona.io/api/v1/files/48179361?filename=joonam/attachments/882350_biochar_batch_v5/1779428684777.jpg,excellent,no,n/a,n/a,141,141.0,https://api.ona.io/api/v1/files/48179362?filename=joonam/attachments/882350_biochar_batch_v5/1779429195488.jpg,n/a,yes_removed,2.0,yes,SMP-SW-AFR-20260508-7,yes,https://api.ona.io/api/v1/files/48179363?filename=joonam/attachments/882350_biochar_batch_v5/1779429600296.jpg,National site,stored_pending,n/a,2026-05-09,No,minimal,none,n/a,No,Biochar production going well,farm_staging,National site ,2026-06-05,Dry,176,160,n/a,44.1,n/a,n/a,YES — mandatory lab analysis,uuid:1726e637-a3fb-4a2f-9228-f30e25d5cb71,SW-AFR-20260508-7 \| kiln_01 \| op_unassigned,178041975,1726e637-a3fb-4a2f-9228-f30e25d5cb71,2026-05-22T10:13:41.762189+00:00,2026-05-22T10:13:43.204755+00:00,,,2026050102,1210065.0,,n/a,6,6,True,882350
2026-05-22T09:13:50.417+03:00,2026-05-22T10:59:33.441+03:00,2026-05-22,collect:vwdolPUFhNHb85Qy,9.2590648 40.1622769 737.0 4.65,9.2590648,40.1622769,737.0,4.65,yes,0.0,25.0,n/a,https://api.ona.io/api/v1/files/48179364?filename=joonam/attachments/882350_biochar_batch_v5/1779432878305.jpg,SW-AFR-20260522-8,8,kiln_01,op_unassigned,op_unassigned,Awoke Bitew,no,no,prosopis,C,9.2590645 40.1622772 737.0 4.027,9.2590645,40.1622772,737.0,4.027,Sedhafage Kebele of Amibara Woreda - National site,2026-05-08,14,https://api.ona.io/api/v1/files/48179365?filename=joonam/attachments/882350_biochar_batch_v5/1779434086272.jpg,dry,lt5cm,yes,25.0,https://api.ona.io/api/v1/files/48179366?filename=joonam/attachments/882350_biochar_batch_v5/1779434236205.jpg,1.0,354.0,https://api.ona.io/api/v1/files/48179367?filename=joonam/attachments/882350_biochar_batch_v5/1779434272791.jpg,2026-05-22,9.2593044 40.1622053 730.0 3.688,9.2593044,40.1622053,730.0,3.688,n/a,2026-05-22T08:18:00.000+03:00,2026-05-22T10:25:00.000+03:00,2026-05-22T10:55:00.000+03:00,water,110.0,11,clear_calm,dry_main,no,https://api.ona.io/api/v1/files/48179368?filename=joonam/attachments/882350_biochar_batch_v5/1779435378340.jpg,no,n/a,n/a,n/a,n/a,n/a,n/a,n/a,https://api.ona.io/api/v1/files/48179369?filename=joonam/attachments/882350_biochar_batch_v5/1779436410936.jpg,excellent,no,n/a,n/a,102,102.0,https://api.ona.io/api/v1/files/48179370?filename=joonam/attachments/882350_biochar_batch_v5/1779436472160.jpg,n/a,yes_removed,1.0,yes,SMP-SW-AFR-20260522-8,yes,https://api.ona.io/api/v1/files/48179371?filename=joonam/attachments/882350_biochar_batch_v5/1779436616662.jpg,Production site,stored_pending,n/a,2026-05-22,No,minimal,none,n/a,No deviations,Well going ,farm_staging,National site,2026-06-05,Dry,157,127,265.5,28.8,38.4,n/a,no — routine batch,uuid:b73184bd-6b85-480a-8af0-b3610efc5c3a,SW-AFR-20260522-8 \| kiln_01 \| op_unassigned,178041977,b73184bd-6b85-480a-8af0-b3610efc5c3a,2026-05-22T10:13:50.961967+00:00,2026-05-22T10:14:17.373317+00:00,,,2026050102,6343.0,,n/a,8,8,True,882350
2026-05-24T10:05:06.831+03:00,2026-05-25T08:42:25.229+03:00,2026-05-24,collect:vwdolPUFhNHb85Qy,9.258744 40.1619274 739.0 3.162,9.258744,40.1619274,739.0,3.162,yes,25.0,25.0,0,https://api.ona.io/api/v1/files/48199991?filename=joonam/attachments/882350_biochar_batch_v5/1779606871774.jpg,SW-AFR-20260524-9,9,kiln_01,op_unassigned,op_unassigned,Awoke & Abdurhaman,no,no,prosopis,D,9.2588344 40.1620962 738.0 4.141,9.2588344,40.1620962,738.0,4.141,Amibara Woreda - Sedhafage Kebele - National site,2026-05-10,14,https://api.ona.io/api/v1/files/48199992?filename=joonam/attachments/882350_biochar_batch_v5/1779607077428.jpg,dry,lt5cm,no,n/a,n/a,1.0,380.0,https://api.ona.io/api/v1/files/48199993?filename=joonam/attachments/882350_biochar_batch_v5/1779607423978.jpg,2026-05-24,9.2590404 40.1620194 741.0 4.123,9.2590404,40.1620194,741.0,4.123,n/a,2026-05-24T07:13:00.000+03:00,2026-05-24T10:01:00.000+03:00,2026-05-24T10:25:00.000+03:00,water,120.0,12,clear_calm,short_rains,no,https://api.ona.io/api/v1/files/48199995?filename=joonam/attachments/882350_biochar_batch_v5/1779607587817.jpg,no,n/a,n/a,n/a,n/a,n/a,n/a,n/a,https://api.ona.io/api/v1/files/48199998?filename=joonam/attachments/882350_biochar_batch_v5/1779687296755.jpg,excellent,no,n/a,n/a,118,118.0,https://api.ona.io/api/v1/files/48199999?filename=joonam/attachments/882350_biochar_batch_v5/1779687706908.jpg,n/a,yes_removed,0.0,yes,SMP-SW-AFR-20260524-9,yes,https://api.ona.io/api/v1/files/48199997?filename=joonam/attachments/882350_biochar_batch_v5/1779687124824.jpg,National site near the production and farm site,stored_pending,n/a,2026-06-10,No deviation ,minimal,none,n/a,No deviation,n/a,kiln_site_short,National site,2026-06-10,Dry and will be put in the composting site shortly,192,168,n/a,31.1,n/a,n/a,YES — mandatory lab analysis,uuid:4260fe4b-3131-4a6a-bee9-95bc6048af7e,SW-AFR-20260524-9 \| kiln_01 \| op_unassigned,178093340,4260fe4b-3131-4a6a-bee9-95bc6048af7e,2026-05-25T13:21:40.228471+00:00,2026-05-25T13:21:41.688295+00:00,,,2026050102,81439.0,,n/a,7,7,True,882350
2026-05-25T08:42:32.213+03:00,2026-05-25T08:55:11.881+03:00,2026-05-25,collect:vwdolPUFhNHb85Qy,9.2587583 40.1616999 736.0 4.9,9.2587583,40.1616999,736.0,4.9,yes,25.0,25.0,0,https://api.ona.io/api/v1/files/48200028?filename=joonam/attachments/882350_biochar_batch_v5/1779687970049.jpg,SW-AFR-20260525-10,10,kiln_02,op_unassigned,op_unassigned,Awoke & Temesgen ,no,no,prosopis,F,9.2587637 40.1617221 741.0 4.625,9.2587637,40.1617221,741.0,4.625,National site of Sedhafage Kebele of Amibara Woreda ,2026-05-10,15,https://api.ona.io/api/v1/files/48200029?filename=joonam/attachments/882350_biochar_batch_v5/1779688081361.jpg,dry,lt5cm,no,n/a,n/a,0.8,350.0,https://api.ona.io/api/v1/files/48200030?filename=joonam/attachments/882350_biochar_batch_v5/1779688121795.jpg,2026-05-24,9.2589517 40.1618773 743.0 4.7,9.2589517,40.1618773,743.0,4.7,n/a,2026-05-24T08:25:00.000+03:00,2026-05-24T11:33:00.000+03:00,2026-05-24T11:50:00.000+03:00,water,116.0,8,clear_calm,short_rains,no,https://api.ona.io/api/v1/files/48200031?filename=joonam/attachments/882350_biochar_batch_v5/1779688302224.jpg,no,n/a,n/a,n/a,n/a,n/a,n/a,n/a,https://api.ona.io/api/v1/files/48200032?filename=joonam/attachments/882350_biochar_batch_v5/1779688317109.jpg,excellent,no,n/a,n/a,83,83.0,https://api.ona.io/api/v1/files/48200033?filename=joonam/attachments/882350_biochar_batch_v5/1779688337325.jpg,n/a,yes_removed,1.0,yes,SMP-SW-AFR-20260525-10,yes,https://api.ona.io/api/v1/files/48200034?filename=joonam/attachments/882350_biochar_batch_v5/1779688363199.jpg,National site ,stored_pending,n/a,2026-06-10,No deviation ,minimal,none,n/a,No operational deviations observed,n/a,farm_staging,Very near ,2026-06-10,Dry,205,188,n/a,23.7,n/a,n/a,YES — mandatory lab analysis,uuid:b489b7ff-c99a-459b-83c9-cef2ef91cff2,SW-AFR-20260525-10 \| kiln_02 \| op_unassigned,178093370,b489b7ff-c99a-459b-83c9-cef2ef91cff2,2026-05-25T13:21:54.518178+00:00,2026-05-25T13:21:55.993602+00:00,,,2026050102,759.0,,n/a,7,7,True,882350
2026-05-25T09:10:57.040+03:00,2026-05-26T08:19:24.475+03:00,2026-05-25,collect:vwdolPUFhNHb85Qy,9.258993 40.1622526 743.0 4.666,9.258993,40.1622526,743.0,4.666,yes,10.0,10.0,0,https://api.ona.io/api/v1/files/48212934?filename=joonam/attachments/882350_biochar_batch_v5/1779715358145.jpg,SW-AFR-20260525-11,11,kiln_01,op_unassigned,op_unassigned,Awoke & Abdurhaman,no,no,prosopis,G,9.259024 40.1622169 738.0 4.2,9.259024,40.1622169,738.0,4.2,National site of Sedhafage Kebele of Amibara Woreda,2026-05-11,14,https://api.ona.io/api/v1/files/48212929?filename=joonam/attachments/882350_biochar_batch_v5/1779689766178.jpg,dry,lt5cm,no,n/a,n/a,1.0,402.0,https://api.ona.io/api/v1/files/48212930?filename=joonam/attachments/882350_biochar_batch_v5/1779691922957.jpg,2026-05-25,9.258924 40.1619441 741.0 4.727,9.258924,40.1619441,741.0,4.727,n/a,2026-05-25T07:05:00.000+03:00,2026-05-25T09:53:00.000+03:00,2026-05-25T10:21:00.000+03:00,water,120.0,11,clear_calm,short_rains,no,https://api.ona.io/api/v1/files/48212932?filename=joonam/attachments/882350_biochar_batch_v5/1779692210746.jpg,no,n/a,n/a,n/a,n/a,n/a,n/a,n/a,https://api.ona.io/api/v1/files/48212933?filename=joonam/attachments/882350_biochar_batch_v5/1779693452608.jpg,excellent,no,n/a,n/a,112,112.0,https://api.ona.io/api/v1/files/48212931?filename=joonam/attachments/882350_biochar_batch_v5/1779692285621.jpg,n/a,yes_removed,1.0,yes,SMP-SW-AFR-20260525-11,yes,https://api.ona.io/api/v1/files/48212935?filename=joonam/attachments/882350_biochar_batch_v5/1779772709133.jpg,National site ,stored_pending,n/a,2026-06-10,No deviation ,minimal,none,n/a,No deviation observed,n/a,farm_staging,Near farming site,2026-06-10,Dry,196,168,n/a,27.9,n/a,n/a,YES — mandatory lab analysis,uuid:7f3610c0-eb1c-44a8-b8b6-48baec49ab13,SW-AFR-20260525-11 \| kiln_01 \| op_unassigned,178113463,7f3610c0-eb1c-44a8-b8b6-48baec49ab13,2026-05-26T12:40:57.423454+00:00,2026-05-26T12:40:59.155559+00:00,,,2026050102,83307.0,,n/a,7,7,True,882350
2026-05-25T10:19:22.514+03:00,2026-05-26T08:20:45.055+03:00,2026-05-25,collect:vwdolPUFhNHb85Qy,9.2590458 40.1620359 738.0 4.032,9.2590458,40.1620359,738.0,4.032,yes,25.0,25.0,0,https://api.ona.io/api/v1/files/48212936?filename=joonam/attachments/882350_biochar_batch_v5/1779693600139.jpg,SW-AFR-20260525-12,12,kiln_02,op_unassigned,op_unassigned,Awoke and Temesgen,no,no,prosopis,G,9.2588919 40.1621443 738.0 4.449,9.2588919,40.1621443,738.0,4.449,National site of Sedhafage Kebele of Amibara Woreda,2026-05-10,15,https://api.ona.io/api/v1/files/48212937?filename=joonam/attachments/882350_biochar_batch_v5/1779693813199.jpg,dry,lt5cm,no,n/a,n/a,1.0,423.0,https://api.ona.io/api/v1/files/48212938?filename=joonam/attachments/882350_biochar_batch_v5/1779694140859.jpg,2026-05-25,9.2590418 40.1620364 737.0 4.555,9.2590418,40.1620364,737.0,4.555,n/a,2026-05-25T07:12:00.000+03:00,2026-05-25T10:02:00.000+03:00,2026-05-25T10:30:00.000+03:00,water,120.0,12,clear_calm,short_rains,no,https://api.ona.io/api/v1/files/48212939?filename=joonam/attachments/882350_biochar_batch_v5/1779694273331.jpg,no,n/a,n/a,n/a,n/a,n/a,n/a,n/a,https://api.ona.io/api/v1/files/48212940?filename=joonam/attachments/882350_biochar_batch_v5/1779694324874.jpg,excellent,no,n/a,n/a,125,125.0,https://api.ona.io/api/v1/files/48212941?filename=joonam/attachments/882350_biochar_batch_v5/1779694387216.jpg,n/a,yes_removed,0.5,yes,SMP-SW-AFR-20260525-12,yes,https://api.ona.io/api/v1/files/48212942?filename=joonam/attachments/882350_biochar_batch_v5/1779772834321.jpg,National site,stored_pending,n/a,2026-06-10,Dry,minimal,none,n/a,No operational deviations observed,n/a,farm_staging,Near,2026-05-25,Dry,198,170,n/a,29.6,n/a,n/a,YES — mandatory lab analysis,uuid:9d101a0d-f499-4538-b152-7501f6dae6fd,SW-AFR-20260525-12 \| kiln_02 \| op_unassigned,178113465,9d101a0d-f499-4538-b152-7501f6dae6fd,2026-05-26T12:41:04.336965+00:00,2026-05-26T12:41:17.408639+00:00,,,2026050102,79283.0,,n/a,7,7,True,882350
2026-05-26T09:24:30.774+03:00,2026-05-26T17:11:33.312+03:00,2026-05-26,collect:vwdolPUFhNHb85Qy,9.2591461 40.1626083 738.0 4.536,9.2591461,40.1626083,738.0,4.536,yes,10.0,10.0,0,https://api.ona.io/api/v1/files/48214303?filename=joonam/attachments/882350_biochar_batch_v5/1779776729579.jpg,SW-AFR-20260526-13,13,kiln_01,op_unassigned,op_unassigned,Awoke & Hassan,no,no,prosopis,H,9.2591734 40.1625738 737.0 4.542,9.2591734,40.1625738,737.0,4.542,National site of Sedhafage Kebele of Amibara Woreda,2026-05-10,16,https://api.ona.io/api/v1/files/48214304?filename=joonam/attachments/882350_biochar_batch_v5/1779776864172.jpg,dry,lt5cm,no,n/a,n/a,0.6,280.0,https://api.ona.io/api/v1/files/48214305?filename=joonam/attachments/882350_biochar_batch_v5/1779776897031.jpg,2026-05-26,9.2590335 40.1625513 738.0 4.465,9.2590335,40.1625513,738.0,4.465,n/a,2026-05-26T07:10:00.000+03:00,2026-05-26T09:15:00.000+03:00,2026-05-26T09:15:00.000+03:00,water,100.0,8,clear_calm,short_rains,no,https://api.ona.io/api/v1/files/48214306?filename=joonam/attachments/882350_biochar_batch_v5/1779777191391.jpg,no,n/a,n/a,n/a,n/a,n/a,n/a,n/a,https://api.ona.io/api/v1/files/48214307?filename=joonam/attachments/882350_biochar_batch_v5/1779779148256.jpg,excellent,no,n/a,n/a,80,80.0,https://api.ona.io/api/v1/files/48214308?filename=joonam/attachments/882350_biochar_batch_v5/1779804686066.jpg,n/a,yes_removed,0.0,yes,SMP-SW-AFR-20260526-13,yes,https://api.ona.io/api/v1/files/48214309?filename=joonam/attachments/882350_biochar_batch_v5/1779804614416.jpg,50,stored_pending,n/a,2026-05-26,No deviation ,minimal,none,n/a,No problem,"Since the biomass collected was not enough amount, only 10 rounds were added and the kiln was not full",kiln_site_short,50m,2026-06-10,Dry,125,125,n/a,28.6,n/a,n/a,YES — mandatory lab analysis,uuid:b358f940-6fa5-43cb-8a7d-fd58d4f86690,SW-AFR-20260526-13 \| kiln_01 \| op_unassigned,178115043,b358f940-6fa5-43cb-8a7d-fd58d4f86690,2026-05-26T14:11:57.294992+00:00,2026-05-26T14:11:58.834956+00:00,,,2026050102,28023.0,,n/a,7,7,True,882350
2026-04-17T08:48:30.131000+03:00,2026-04-17T12:51:41.035000+03:00,2026-04-17,collect:vwdolPUFhNHb85Qy,n/a,n/a,n/a,n/a,n/a,n/a,n/a,n/a,n/a,n/a,SW-AFR-20260417-3,3,kiln_02,n/a,Haji Oumer,Awoke Bitew,n/a,n/a,prosopis,OR,9.2623154 40.3130054 810.0 3.0,9.2623154,40.3130054,810.0,3.0,Halaydegi Kebele site of Amibara Woreda,n/a,14,https://api.ona.io/api/v1/files/47925347?filename=joonam/attachments/880338_biochar_batch_v3/1776416898141.jpg,mostly_dry,lt5cm,n/a,n/a,n/a,0.6,n/a,n/a,2026-04-17,9.2763133 40.305484 810.0 3.946,9.2763133,40.305484,810.0,3.946,n/a,2026-04-17T09:20:00.000+03:00,2026-04-17T11:57:00.000+03:00,2026-04-17T12:30:00.000+03:00,water,n/a,10,clear_calm,n/a,no,https://api.ona.io/api/v1/files/47925349?filename=joonam/attachments/880338_biochar_batch_v3/1776419474712.jpg,no,n/a,n/a,n/a,n/a,n/a,n/a,n/a,https://api.ona.io/api/v1/files/47925348?filename=joonam/attachments/880338_biochar_batch_v3/1776419286977.jpg,excellent,no,n/a,n/a,50.0,50.0,n/a,n/a,yes_removed,n/a,no_not_due,n/a,n/a,n/a,n/a,n/a,n/a,n/a,n/a,moderate,none,n/a,"No problem occurred. However, the team collected some amount of Prosopis log which was dry and unable to fully burn in the kiln. The rest they collected were wet and put it for next batch production.",n/a,n/a,n/a,n/a,n/a,190,157,n/a,n/a,n/a,n/a,n/a,uuid:7d55a0de-d4c5-4385-a851-11a89ce27983,SW-AFR-20260417-3 \\| kiln_02 \\| Haji Oumer,178126409,7d55a0de-d4c5-4385-a851-11a89ce27983,2026-05-27T16:30:27.392914+00:00,2026-05-27T16:30:27.608970+00:00,,,2026050102,14591.0,joonam,n/a,3,0,False,882350
2026-04-18T09:11:11.749000+03:00,2026-04-18T11:13:13.552000+03:00,2026-04-18,collect:vwdolPUFhNHb85Qy,n/a,n/a,n/a,n/a,n/a,n/a,n/a,n/a,n/a,n/a,SW-AFR-20260418-1,1,kiln_01,n/a,Hassen Beri,Awoke Bitew ,n/a,n/a,prosopis,GPS Above ,9.2592537 40.1631356 739.0 3.0,9.2592537,40.1631356,739.0,3.0,National site of Sedhafage Kebele of Amibara Woreda ,n/a,15,https://api.ona.io/api/v1/files/47930817?filename=joonam/attachments/880338_biochar_batch_v3/1776499561741.jpg,dry,lt5cm,n/a,n/a,n/a,0.8,n/a,n/a,2026-04-16,9.2597445 40.1627422 739.0 3.555,9.2597445,40.1627422,739.0,3.555,n/a,2026-04-16T08:36:00.000+03:00,2026-04-16T11:25:00.000+03:00,2026-04-16T11:45:00.000+03:00,water,n/a,12,light_rain,n/a,no,https://api.ona.io/api/v1/files/47930818?filename=joonam/attachments/880338_biochar_batch_v3/1776499807132.jpg,no,n/a,n/a,n/a,n/a,n/a,n/a,n/a,https://api.ona.io/api/v1/files/47930819?filename=joonam/attachments/880338_biochar_batch_v3/1776499830463.jpg,excellent,no,n/a,n/a,82.0,82.0,n/a,n/a,yes_removed,n/a,no_not_due,n/a,n/a,n/a,n/a,n/a,n/a,n/a,n/a,minimal,none,n/a,No problem observed. ,There was heavy rain during last night and the Prosopis log were little wet and take some time during the start of the Pyrolysis. ,n/a,n/a,n/a,n/a,189,169,n/a,n/a,n/a,n/a,n/a,uuid:355aae0e-1593-4bff-b540-361923bc0c65,SW-AFR-20260418-1 \\| kiln_01 \\| Hassen Beri,178126410,355aae0e-1593-4bff-b540-361923bc0c65,2026-05-27T16:30:27.642905+00:00,2026-05-27T16:30:27.795420+00:00,,,2026050102,7322.0,joonam,n/a,3,0,False,882350
2026-04-26T09:33:31.671000+03:00,2026-04-26T17:47:10.647000+03:00,2026-04-26,collect:vwdolPUFhNHb85Qy,n/a,n/a,n/a,n/a,n/a,n/a,n/a,n/a,n/a,n/a,SW-AFR-20260426-4,4,kiln_01,n/a,Hamedu Hassen,Anteneh Tadele,n/a,n/a,prosopis,GPS above,9.2595106 40.1625718 737.0 3.0,9.2595106,40.1625718,737.0,3.0,National Site of Sedhafage Kebele of Amibara,n/a,14,https://api.ona.io/api/v1/files/47991938?filename=joonam/attachments/880338_biochar_batch_v3/1777189233574.jpg,dry,lt5cm,n/a,n/a,n/a,0.8,n/a,n/a,2026-04-26,9.2597733 40.1627852 740.0 3.034,9.2597733,40.1627852,740.0,3.034,n/a,2026-04-26T09:18:00.000+03:00,2026-04-26T11:35:00.000+03:00,2026-04-26T13:10:00.000+03:00,water,n/a,10,clear_calm,n/a,no,https://api.ona.io/api/v1/files/47991939?filename=joonam/attachments/880338_biochar_batch_v3/1777198934961.jpg,no,n/a,n/a,n/a,n/a,n/a,n/a,n/a,https://api.ona.io/api/v1/files/47991940?filename=joonam/attachments/880338_biochar_batch_v3/1777198948512.jpg,excellent,no,n/a,n/a,90.0,90.0,n/a,n/a,yes_removed,n/a,no_not_due,n/a,n/a,n/a,n/a,n/a,n/a,n/a,n/a,minimal,none,n/a,No problem. ,n/a,n/a,n/a,n/a,n/a,232,137,n/a,n/a,n/a,n/a,n/a,uuid:a25449ca-3151-4485-96ea-162bc94d1f3d,SW-AFR-20260426-4 \\| kiln_01 \\| Hamedu Hassen,178126411,a25449ca-3151-4485-96ea-162bc94d1f3d,2026-05-27T16:30:27.830174+00:00,2026-05-27T16:30:27.985540+00:00,,,2026050102,29619.0,joonam,n/a,3,0,False,882350
2026-04-28T12:30:45.085000+03:00,2026-04-28T12:59:21.567000+03:00,2026-04-28,collect:vwdolPUFhNHb85Qy,9.2616659 40.1607741 735.0 3.071000099182129,9.2616659,40.1607741,735.0,3.071000099182129,n/a,n/a,n/a,n/a,n/a,SW-AFR-20260428-1,1,kiln_01,n/a,Joona and Awok,Awoke,n/a,n/a,prosopis,n/a,9.2616837 40.1607836 736.0 3.0989999771118164,9.2616837,40.1607836,736.0,3.0989999771118164,National site of Sedhafage Kebele of Amibara Woreda,n/a,14,https://api.ona.io/api/v1/files/48004024?filename=joonam/attachments/880338_biochar_batch_v3/1777368756440.jpg,dry,lt5cm,n/a,n/a,n/a,0.8,n/a,n/a,2026-03-18,9.259971 40.1626874 741.0 3.427,9.259971,40.1626874,741.0,3.427,n/a,2026-03-18T10:00:00.000+03:00,2026-03-18T13:30:00.000+03:00,2026-03-18T13:43:00.000+03:00,water,n/a,12,clear_calm,n/a,no,https://api.ona.io/api/v1/files/48004025?filename=joonam/attachments/880338_biochar_batch_v3/1777368952015.jpg,no,n/a,n/a,n/a,n/a,n/a,n/a,n/a,https://api.ona.io/api/v1/files/48004026?filename=joonam/attachments/880338_biochar_batch_v3/1777368998250.jpg,excellent,no,n/a,n/a,76.0,76.0,n/a,n/a,yes_removed,n/a,no_not_due,n/a,n/a,n/a,n/a,n/a,n/a,n/a,n/a,minimal,none,n/a,"No operational problem observed. However, the source for biomass was not collected in a single source since the farming group collected in different locations, only take the source GPS of a single location.    During the 1st batch production of the Biochar, the total wight were 76kg. However, after production dates, there was heavy and flood took some amount of the produced Biochar.  The current existing wight of the first Biochar is 57 kg.",n/a,n/a,n/a,n/a,n/a,223,210,n/a,n/a,n/a,n/a,n/a,uuid:7338323e-62ef-46ca-a898-4fc07580bca0,SW-AFR-20260428-1 \\| kiln_01 \\| Joona and Awok,178126412,7338323e-62ef-46ca-a898-4fc07580bca0,2026-05-27T16:30:28.030708+00:00,2026-05-27T16:30:28.201458+00:00,,,2026050102,1716.0,joonam,n/a,3,0,False,882350
2026-05-06T08:42:57.637000+03:00,2026-05-07T13:19:56.921000+03:00,2026-05-06,collect:vwdolPUFhNHb85Qy,n/a,n/a,n/a,n/a,n/a,n/a,n/a,n/a,n/a,n/a,SW-AFR-20260506-5,5,kiln_02,n/a,Awolu Omer,Awoke Bitew,n/a,n/a,prosopis,GPS above,9.296527 40.2839725 791.0 3.184999942779541,9.296527,40.2839725,791.0,3.184999942779541,Halaydegi Kebele of Amibara Woreda,n/a,16,https://api.ona.io/api/v1/files/48068406?filename=joonam/attachments/880338_biochar_batch_v3/1778055523816.jpg,dry,lt5cm,n/a,n/a,n/a,0.8,n/a,n/a,2026-05-06,9.2763412 40.3054522 808.0 3.0,9.2763412,40.3054522,808.0,3.0,n/a,2026-05-06T09:07:00.000+03:00,2026-05-06T11:11:00.000+03:00,2026-05-06T11:46:00.000+03:00,water,n/a,8,clear_calm,n/a,no,https://api.ona.io/api/v1/files/48068407?filename=joonam/attachments/880338_biochar_batch_v3/1778057487979.jpg,no,n/a,n/a,n/a,n/a,n/a,n/a,n/a,https://api.ona.io/api/v1/files/48068408?filename=joonam/attachments/880338_biochar_batch_v3/1778057524645.jpg,excellent,no,n/a,n/a,81.0,81.0,n/a,n/a,yes_removed,n/a,no_not_due,n/a,n/a,n/a,n/a,n/a,n/a,n/a,n/a,minimal,none,n/a,No problem observed,The Prosopis logo is very dry and make the pyrolysis going well.,n/a,n/a,n/a,n/a,159,124,n/a,n/a,n/a,n/a,n/a,uuid:d950384f-a614-46df-862b-fc0cbf87cf7f,SW-AFR-20260506-5 \\| kiln_02 \\| Awolu Omer,178126413,d950384f-a614-46df-862b-fc0cbf87cf7f,2026-05-27T16:30:28.237141+00:00,2026-05-27T16:30:28.391418+00:00,,,2026050102,103019.0,joonam,n/a,3,0,False,882350
2026-05-28T11:55:39.467+03:00,2026-05-29T14:14:02.451+03:00,2026-05-28,collect:vwdolPUFhNHb85Qy,9.2593894 40.1624679 737.0 3.3,9.2593894,40.1624679,737.0,3.3,yes,10.0,10.0,0,https://api.ona.io/api/v1/files/48238474?filename=joonam/attachments/882350_biochar_batch_v5/1780052628817.jpg,SW-AFR-20260528-14,14,kiln_02,op_unassigned,op_unassigned,Awoke ,no,no,prosopis,H,9.2593609 40.162464 739.0 4.0,9.2593609,40.162464,739.0,4.0,Sedhafage Kebele of Amibara Woreda - National site ,2026-05-10,18,https://api.ona.io/api/v1/files/48238475?filename=joonam/attachments/882350_biochar_batch_v5/1780052736826.jpg,dry,lt5cm,no,n/a,n/a,0.6,355.0,https://api.ona.io/api/v1/files/48238476?filename=joonam/attachments/882350_biochar_batch_v5/1780052780033.jpg,2026-05-26,9.2589969 40.1625491 738.0 4.2,9.2589969,40.1625491,738.0,4.2,n/a,2026-05-26T07:05:00.000+03:00,2026-05-26T09:50:00.000+03:00,2026-05-26T10:18:00.000+03:00,water,95.0,8,clear_calm,short_rains,na,https://api.ona.io/api/v1/files/48238477?filename=joonam/attachments/882350_biochar_batch_v5/1780052952855.jpg,no,n/a,n/a,n/a,n/a,n/a,n/a,n/a,https://api.ona.io/api/v1/files/48238479?filename=joonam/attachments/882350_biochar_batch_v5/1780052984841.jpg,excellent,no,n/a,n/a,90,90.0,https://api.ona.io/api/v1/files/48238478?filename=joonam/attachments/882350_biochar_batch_v5/1780053042663.jpg,n/a,no_negligible,n/a,yes,SMP-SW-AFR-20260528-14,yes,https://api.ona.io/api/v1/files/48238480?filename=joonam/attachments/882350_biochar_batch_v5/1780053148229.jpg,Farm site,stored_pending,n/a,2026-06-10,n/a,minimal,none,n/a,No problem observed ,n/a,farm_staging,National site ,2026-06-10,Dry,193,165,n/a,25.4,n/a,n/a,YES — mandatory lab analysis,uuid:05868f49-9da2-4827-8661-cb3789c02eea,SW-AFR-20260528-14 \| kiln_02 \| op_unassigned,178150352,05868f49-9da2-4827-8661-cb3789c02eea,2026-05-29T11:14:30.669348+00:00,2026-05-29T11:14:32.310167+00:00,,,2026050102,94703.0,,n/a,7,7,True,882350
2026-06-10T10:11:23.209+03:00,2026-07-01T08:32:17.553+03:00,2026-06-10,collect:vwdolPUFhNHb85Qy,9.2587137 40.16247 735.0 3.416,9.2587137,40.16247,735.0,3.416,yes,25.0,25.0,0,https://api.ona.io/api/v1/files/48481355?filename=joonam/attachments/882350_biochar_batch_v5/1781678544777.jpg,SW-AFR-20260610-15,15,kiln_01,op_unassigned,op_unassigned,Awoke,no,no,prosopis,H,9.2586996 40.162482 739.0 4.2,9.2586996,40.162482,739.0,4.2,National site of Sedhafage Kebele of Amibara Woreda,2026-05-27,14,https://api.ona.io/api/v1/files/48481353?filename=joonam/attachments/882350_biochar_batch_v5/1781678726561.jpg,dry,lt5cm,yes,20.5,https://api.ona.io/api/v1/files/48481357?filename=joonam/attachments/882350_biochar_batch_v5/1781678781806.jpg,0.7,500.0,https://api.ona.io/api/v1/files/48481359?filename=joonam/attachments/882350_biochar_batch_v5/1781679045798.jpg,2026-06-10,9.2589929 40.1625348 741.0 4.576,9.2589929,40.1625348,741.0,4.576,n/a,2026-06-10T07:36:00.000+03:00,2026-06-10T10:48:00.000+03:00,2026-06-10T12:03:00.000+03:00,water,105.0,11,clear_calm,long_rains,no,https://api.ona.io/api/v1/files/48481358?filename=joonam/attachments/882350_biochar_batch_v5/1781679216221.jpg,no,n/a,n/a,n/a,n/a,n/a,n/a,n/a,https://api.ona.io/api/v1/files/48481360?filename=joonam/attachments/882350_biochar_batch_v5/1781679307942.jpg,excellent,no,n/a,n/a,141,141.0,https://api.ona.io/api/v1/files/48481361?filename=joonam/attachments/882350_biochar_batch_v5/1781679356403.jpg,n/a,yes_removed,0.25,yes,SMP-SW-AFR-20260610-15,yes,https://api.ona.io/api/v1/files/48481362?filename=joonam/attachments/882350_biochar_batch_v5/1782883760311.jpg,Production site and farming area,stored_pending,n/a,2026-07-10,No,minimal,none,n/a,No deviation ,Good quality Biochar produced ,farm_staging,National site of Sedhafage Kebele of Amibara Woreda ,2026-06-12,Dry,267,192,397.5,28.2,35.5,n/a,YES — mandatory lab analysis,uuid:7a67a52b-7912-48a6-8c7a-e2e4718b78bd,SW-AFR-20260610-15 \| kiln_01 \| op_unassigned,178961686,7a67a52b-7912-48a6-8c7a-e2e4718b78bd,2026-07-01T05:47:54.434884+00:00,2026-07-01T05:47:56.897952+00:00,,,2026050102,1808454.0,,,8,8,True,882350
2026-06-10T10:12:46.065+03:00,2026-07-01T08:47:12.095+03:00,2026-06-10,collect:vwdolPUFhNHb85Qy,9.2586615 40.1625092 735.0 4.3,9.2586615,40.1625092,735.0,4.3,yes,25.0,25.0,0,https://api.ona.io/api/v1/files/48481372?filename=joonam/attachments/882350_biochar_batch_v5/1782884823596.jpg,SW-AFR-20260610-16,16,kiln_02,op_unassigned,op_unassigned,Awoke ,no,no,prosopis,I,9.2586512 40.1625704 738.0 4.2,9.2586512,40.1625704,738.0,4.2,Sedhafage Kebele of Amibara Woreda National site,2026-05-26,15,https://api.ona.io/api/v1/files/48481365?filename=joonam/attachments/882350_biochar_batch_v5/1781075616347.jpg,dry,lt5cm,yes,20.0,https://api.ona.io/api/v1/files/48481366?filename=joonam/attachments/882350_biochar_batch_v5/1782884129093.jpg,0.8,520.0,https://api.ona.io/api/v1/files/48481367?filename=joonam/attachments/882350_biochar_batch_v5/1782884215545.jpg,2026-06-10,9.2590049 40.1625283 733.0 3.508,9.2590049,40.1625283,733.0,3.508,38.0,2026-06-10T06:58:00.000+03:00,2026-06-10T10:56:00.000+03:00,2026-06-10T11:25:00.000+03:00,water,120.0,10,clear_calm,long_rains,no,https://api.ona.io/api/v1/files/48481368?filename=joonam/attachments/882350_biochar_batch_v5/1782884428025.jpg,no,n/a,n/a,n/a,n/a,n/a,n/a,n/a,https://api.ona.io/api/v1/files/48481370?filename=joonam/attachments/882350_biochar_batch_v5/1782884508105.jpg,excellent,no,n/a,n/a,142,142.0,https://api.ona.io/api/v1/files/48481369?filename=joonam/attachments/882350_biochar_batch_v5/1782884584622.jpg,0.8,yes_removed,0.5,yes,SMP-SW-AFR-20260610-16,yes,https://api.ona.io/api/v1/files/48481371?filename=joonam/attachments/882350_biochar_batch_v5/1782884640769.jpg,Windrow area near the farm site,stored_pending,n/a,2026-06-25,No,minimal,none,n/a,No operational deviations ,Good production process,farm_staging,National site of Sedhafage Kebele of Amibara Woreda ,2026-07-10,Dry,267,238,416,27.3,34.1,177.5,YES — mandatory lab analysis,uuid:4cc1cade-b96f-435e-86b8-e54ce9112c25,SW-AFR-20260610-16 \| kiln_02 \| op_unassigned,178961692,4cc1cade-b96f-435e-86b8-e54ce9112c25,2026-07-01T05:48:08.919306+00:00,2026-07-01T05:48:11.190964+00:00,,,2026050102,1809266.0,,,8,8,True,882350
2026-06-17T09:58:12.282+03:00,2026-07-01T09:08:14.555+03:00,2026-06-17,collect:vwdolPUFhNHb85Qy,9.2585506 40.1623018 739.0 3.993,9.2585506,40.1623018,739.0,3.993,yes,25.0,25.0,0,https://api.ona.io/api/v1/files/48481501?filename=joonam/attachments/882350_biochar_batch_v5/1782885898825.jpg,SW-AFR-20260617-17,17,kiln_01,op_unassigned,op_unassigned,Awoke,no,no,prosopis,J,9.2585561 40.1622893 733.0 3.383,9.2585561,40.1622893,733.0,3.383,Sedhafage Kebele of Amibara Woreda National site ,2026-05-26,22,https://api.ona.io/api/v1/files/48481495?filename=joonam/attachments/882350_biochar_batch_v5/1782885234009.jpg,dry,lt5cm,yes,19.5,https://api.ona.io/api/v1/files/48481496?filename=joonam/attachments/882350_biochar_batch_v5/1782885279407.jpg,0.7,525.0,https://api.ona.io/api/v1/files/48481502?filename=joonam/attachments/882350_biochar_batch_v5/1782886011074.jpg,2026-06-11,9.2589658 40.1625465 737.0 3.914,9.2589658,40.1625465,737.0,3.914,37.0,2026-06-11T06:10:00.000+03:00,2026-06-11T09:20:00.000+03:00,2026-06-11T09:35:00.000+03:00,water,110.0,9,clear_calm,long_rains,no,https://api.ona.io/api/v1/files/48481497?filename=joonam/attachments/882350_biochar_batch_v5/1782885531072.jpg,no,n/a,n/a,n/a,n/a,n/a,n/a,n/a,https://api.ona.io/api/v1/files/48481498?filename=joonam/attachments/882350_biochar_batch_v5/1782885547860.jpg,excellent,no,n/a,n/a,138,138.0,https://api.ona.io/api/v1/files/48481499?filename=joonam/attachments/882350_biochar_batch_v5/1782885583931.jpg,n/a,yes_removed,0.5,yes,SMP-SW-AFR-20260617-17,yes,https://api.ona.io/api/v1/files/48481500?filename=joonam/attachments/882350_biochar_batch_v5/1782885647440.jpg,Windrow area near the farm site,stored_pending,n/a,2026-06-28,No deviation ,minimal,none,n/a,No operational deviations ,Excellent quality Biochar produced ,farm_staging,National site of Sedhafage Kebele of Amibara Woreda ,2026-07-05,Dry,205,190,422.6,26.3,32.7,n/a,no — routine batch,uuid:c3ecc19d-2f91-4d5c-b135-cac7abba52d6,SW-AFR-20260617-17 \| kiln_01 \| op_unassigned,178962133,c3ecc19d-2f91-4d5c-b135-cac7abba52d6,2026-07-01T06:22:25.061856+00:00,2026-07-01T06:22:26.978990+00:00,,,2026050102,1206602.0,,,8,8,True,882350
2026-06-17T10:02:43.316+03:00,2026-07-01T09:21:59.446+03:00,2026-06-17,collect:vwdolPUFhNHb85Qy,9.2585034 40.1624794 736.0 4.049,9.2585034,40.1624794,736.0,4.049,yes,25.0,25.0,0,https://api.ona.io/api/v1/files/48481503?filename=joonam/attachments/882350_biochar_batch_v5/1782886187906.jpg,SW-AFR-20260617-18,18,kiln_02,op_unassigned,op_unassigned,Awoke and Anteneh ,no,no,prosopis,K,9.2585102 40.1624813 736.0 3.823,9.2585102,40.1624813,736.0,3.823,Sedhafage Kebele of Amibara Woreda National site ,2026-05-26,22,https://api.ona.io/api/v1/files/48481504?filename=joonam/attachments/882350_biochar_batch_v5/1782886325054.jpg,dry,lt5cm,yes,19.5,https://api.ona.io/api/v1/files/48481505?filename=joonam/attachments/882350_biochar_batch_v5/1782886371364.jpg,0.8,540.0,https://api.ona.io/api/v1/files/48481506?filename=joonam/attachments/882350_biochar_batch_v5/1782886438240.jpg,2026-06-11,9.2590871 40.1624974 737.0 3.143,9.2590871,40.1624974,737.0,3.143,37.0,2026-06-11T06:10:00.000+03:00,2026-06-11T09:28:00.000+03:00,2026-06-11T09:42:00.000+03:00,water,114.0,10,clear_calm,long_rains,no,https://api.ona.io/api/v1/files/48481508?filename=joonam/attachments/882350_biochar_batch_v5/1782886604654.jpg,no,n/a,n/a,n/a,n/a,n/a,n/a,n/a,https://api.ona.io/api/v1/files/48481509?filename=joonam/attachments/882350_biochar_batch_v5/1782886639100.jpg,excellent,no,n/a,n/a,150,150.0,https://api.ona.io/api/v1/files/48481510?filename=joonam/attachments/882350_biochar_batch_v5/1782886707721.jpg,n/a,no_negligible,n/a,yes,SMP-SW-AFR-20260617-18,yes,https://api.ona.io/api/v1/files/48481511?filename=joonam/attachments/882350_biochar_batch_v5/1782886827028.jpg,Farming site,stored_pending,n/a,2026-06-28,No deviation ,minimal,none,n/a,No operational deviations ,The production going well ,farm_staging,National site of Sedhafage Kebele of Amibara Woreda ,2026-06-28,Dry,212,198,434.7,27.8,34.5,n/a,no — routine batch,uuid:d701b8bd-debf-46ca-bcdd-44f7794196f6,SW-AFR-20260617-18 \| kiln_02 \| op_unassigned,178962135,d701b8bd-debf-46ca-bcdd-44f7794196f6,2026-07-01T06:22:43.450699+00:00,2026-07-01T06:22:45.521620+00:00,,,2026050102,1207156.0,,,8,8,True,882350
